[{"question" : "What is final?" , "type" : "essay" , "points" : "1" , "choices" : [] , "answers" : [{"points":1,"answer":"<u>A final class can’t be extended ie., final class may not be subclassed</u>. A final method can’t be overridden when its class is inherited. You can’t change value of a final variable (is a constant)."}] }, {"question" : "What is the difference between an Interface and an Abstract class?" , "type" : "essay" , "points" : "2" , "choices" : [] , "answers" : [{"points":1,"answer":"<u>An abstract class can have instance methods that implement a default behavior.</b> An Interface can only declare constants and instance methods, but cannot implement default behavior and all methods are implicitly abstract."},{"points":1,"answer":"<u>An interface has only public members and no implementation.</b> An abstract class is a class which may have the usual flavors of class members (private, protected, etc.), but has some abstract methods."}] }, {"question" : "What is the purpose of garbage collection in Java, and when is it used?" , "type" : "essay" , "points" : "2" , "choices" : [] , "answers" : [{"points":1,"answer":"The purpose of garbage collection is to <u>identify and discard objects that are no longer needed</u> by a program so that their resources can be reclaimed and reused."},{"points":1,"answer":"A Java object is subject to garbage collection <u>when it becomes unreachable</u> to the program in which it is used."}] }, {"question" : "What are pass-by-reference and pass-by-value?" , "type" : "essay" , "points" : "2" , "choices" : [] , "answers" : [{"points":1,"answer":"Pass-By-Reference means the <u>passing the address</u> of an object rather than passing the value."},{"points":1,"answer":"Pass-by-Value means <u>passing a copy of the value</u> to be passed."}] }, {"question" : "What is the difference between HashMap and Map?" , "type" : "essay" , "points" : "2" , "choices" : [] , "answers" : [{"points":1,"answer":"<u>Map is Interface</u> "},{"points":1,"answer":"and <u>Hashmap is class that implements</u> that."}] }, {"question" : "What is the difference between HashMap and HashTable?" , "type" : "essay" , "points" : "3" , "choices" : [] , "answers" : [{"points":1,"answer":"<u>HashMap allows null values as key and value</u> whereas Hashtable doesnt allow.  "},{"points":1,"answer":"<u>HashMap does not guarantee that the order</u> of the map will remain constant over time."},{"points":1,"answer":"<u>HashMap is unsynchronized</u> and Hashtable is synchronized."}] }, {"question" : "What is the difference between Vector and ArrayList?" , "type" : "essay" , "points" : "1" , "choices" : [] , "answers" : [{"points":1,"answer":"<u>Vector is synchronized whereas ArrayList is not</u>."}] }, {"question" : "What is the difference between Swing and Awt?" , "type" : "essay" , "points" : "2" , "choices" : [] , "answers" : [{"points":1,"answer":"AWT are heavy-weight componenets. <u>Swing are light-weight components</u>. "},{"points":1,"answer":"Hence <u>Swing works faster than AWT.</u>"}] }, {"question" : "What is the difference between a constructor and a method?" , "type" : "essay" , "points" : "5" , "choices" : [] , "answers" : [{"points":1,"answer":"A constructor is a member <u>function of a class that is used to create objects of that class</u>. "},{"points":1,"answer":"<u>A constructor has the same name as the class itself</u>, "},{"points":1,"answer":"and has <u>no return type</u>, "},{"points":1,"answer":"and is <u>invoked using the new operator.</u> "},{"points":1,"answer":"A method is an ordinary member function of a class. <u>It has its own name, a return type (which may be void), and is invoked using the dot operator.</u>"}] }, {"question" : "What is an Iterator?" , "type" : "essay" , "points" : "4" , "choices" : [] , "answers" : [{"points":1,"answer":"Some of the collection classes provide <u>traversal of their contents via a java.util.Iterator</u> interface. "},{"points":1,"answer":"This interface <u>allows you to walk through a collection of objects, operating on each object in turn.</u> "},{"points":2,"answer":"Iterators that they <u>contain a snapshot of the collection at the time the Iterator was obtained</u>; generally it is not advisable to modify the collection itself while traversing an Iterator."}] }, {"question" : "State the significance of public, private, protected, default modifiers both singly and in combination and state the effect of package relationships on declared items qualified by these modifiers." , "type" : "essay" , "points" : "4" , "choices" : [] , "answers" : [{"points":1,"answer":"public : Public class is <u>visible in other packages</u>, field is visible everywhere (class must be public too)"},{"points":1,"answer":"private : Private variables or methods may be used only by an instance of the same class that declares the variable or method, A <u>private feature may only be accessed by the class that owns the feature</u>."},{"points":1,"answer":"protected : Is available to all classes in the same package and also available to all subclasses of the class that owns the protected feature. <u>This access is provided even to subclasses that reside in a different package from the class that owns the protected feature.</u>."},{"points":1,"answer":"default :What you get by default ie, without any access modifier (ie, public private or protected). <u>It means that it is visible to all within a particular package.</u>."}] }, {"question" : "What is an abstract class?" , "type" : "essay" , "points" : "2" , "choices" : [] , "answers" : [{"points":1,"answer":"<u>Abstract class must be extended/subclassed (to be useful)</u>. It serves as a template. A class that is abstract may not be instantiated (ie, you may not call its constructor), abstract class may contain static data. Any class with an abstract method is automatically abstract itself, and must be declared as such."},{"points":1,"answer":"<u>A class may be declared abstract even if it has no abstract methods. This prevents it from being instantiated.</u>"}] }, {"question" : "What is static in Java?" , "type" : "essay" , "points" : "1" , "choices" : [] , "answers" : [{"points":1,"answer":"<u>Static means one per class, not one for each object no matter how many instance of a class might exist</u>. This means that you can use them without creating an instance of a class.Static methods are implicitly final, because overriding is done based on the type of the object, and static methods are attached to a class, not an object. A static method in a superclass can be shadowed by another static method in a subclass, as long as the original method was not declared final. However, you can’t override a static method with a nonstatic method. In other words, you can’t change a static method into an instance method in a subclass."}] }, {"question" : "What happens if the main method is declared as private?" , "type" : "essay" , "points" : "1" , "choices" : [] , "answers" : [{"points":1,"answer":"<u>The program compiles properly but at runtime it will give 'Main method not public.' message.</u>"}] }, {"question" : "What if the static modifier is removed from the signature of the main method?" , "type" : "essay" , "points" : "1" , "choices" : [] , "answers" : [{"points":1,"answer":"<u>Program compiles. But at runtime throws an error 'NoSuchMethodError'.</u>"}] }, {"question" : "What if I write static public void instead of public static void?" , "type" : "essay" , "points" : "1" , "choices" : [] , "answers" : [{"points":1,"answer":"<u>Program compiles and runs properly.</u>"}] }, {"question" : "What if I do not provide the String array as the argument to the method?" , "type" : "essay" , "points" : "1" , "choices" : [] , "answers" : [{"points":1,"answer":"<u>Program compiles but throws a runtime error 'NoSuchMethodError'.</u>"}] }, {"question" : "What is the first argument of the String array in main method? How is this different from C/C++" , "type" : "essay" , "points" : "2" , "choices" : [] , "answers" : [{"points":1,"answer":"<u>The String array is empty. It does not have any element.</u> "},{"points":1,"answer":"<u>This is unlike C/C++ where the first element by default is the program name.</u>"}] }, {"question" : "If I do not provide any arguments on the command line, then the String array of Main method will be empty or null?" , "type" : "essay" , "points" : "2" , "choices" : [] , "answers" : [{"points":1,"answer":"<u>It is empty.</u> "},{"points":1,"answer":"<u>But not null.</u>"}] }, {"question" : "How can one prove that the array is not null but empty using one line of code?" , "type" : "essay" , "points" : "2" , "choices" : [] , "answers" : [{"points":1,"answer":"Print args.length. It will print 0. That means it is empty."},{"points":1,"answer":"But if it would have been null then it would have thrown a NullPointerException on attempting to print args.length."}] }, {"question" : "What environment variables do I need to set on my machine in order to be able to run Java programs?" , "type" : "essay" , "points" : "2" , "choices" : [] , "answers" : [{"points":1,"answer":"<u>CLASSPATH</u> "},{"points":1,"answer":"and <u>PATH</u> are the two variables."}] }, {"question" : "Can an application have multiple classes having main method? Explain." , "type" : "essay" , "points" : "2" , "choices" : [] , "answers" : [{"points":1,"answer":"<u>Yes it is possible.</u> "},{"points":1,"answer":"<u>While starting the application we mention the class name to be run.</u> The JVM will look for the Main method only in the class whose name you have mentioned. Hence there is not conflict amongst the multiple classes having main method."}] }, {"question" : "Can I have multiple main methods in the same class?" , "type" : "essay" , "points" : "1" , "choices" : [] , "answers" : [{"points":1,"answer":"<u>No,</u> the program fails to compile. The compiler says that the main method is already defined in the class."}] }, {"question" : "Do I need to import java.lang package any time? Why?" , "type" : "essay" , "points" : "2" , "choices" : [] , "answers" : [{"points":1,"answer":"<u>No.</u> "},{"points":1,"answer":"<u>It is by default loaded internally by the JVM.</u>"}] }, {"question" : "What type of parameter passing does Java support? Pass-by-Value or Pass-By-Reference" , "type" : "essay" , "points" : "1" , "choices" : [] , "answers" : [{"points":1,"answer":"Arguments are always <u>Pass-by-Value</u>"}] }, {"question" : "Can I import same package/class twice? Will the JVM load the package twice at runtime?" , "type" : "essay" , "points" : "2" , "choices" : [] , "answers" : [{"points":1,"answer":"<u>Yes </u>, One can import the same package or same class multiple times. Neither compiler nor JVM complains about it. "},{"points":1,"answer":"And the <u>JVM will internally load the class only once</u> no matter how many times you import the same class."}] }, {"question" : "What are Checked and UnChecked Exception? Explain the difference." , "type" : "essay" , "points" : "3" , "choices" : [] , "answers" : [{"points":1,"answer":"<u>A checked exception is some subclass of Exception (or Exception itself)</u>, excluding class RuntimeException and its subclasses."},{"points":1,"answer":"<u>Unchecked exceptions are RuntimeException and any of its subclasses</u>. Class Error and its subclasses also are unchecked. With an unchecked exception, however, the compiler doesn’t force client programmers either to catch the exception or declare it in a throws clause. In fact, client programmers may not even know that the exception could be thrown. eg, StringIndexOutOfBoundsException thrown by String’s charAt() method·"},{"points":1,"answer":" <u>Checked exceptions must be caught at compile time.</u> Runtime exceptions do not need to be. Errors often cannot be."}] }, {"question" : "What is Overriding? How is it used?" , "type" : "essay" , "points" : "2" , "choices" : [] , "answers" : [{"points":1,"answer":"<u>When a class defines a method using the same name, return type, and arguments as a method in its superclass, the method in the class overrides the method in the superclass.</u>"},{"points":1,"answer":"<u>When the method is invoked for an object of the class, it is the new definition of the method that is called, and not the method definition from superclass.</u> Methods may be overridden to be more public, not more private."}] }, {"question" : "What are the different types of inner classes?" , "type" : "essay" , "points" : "4" , "choices" : [] , "answers" : [{"points":1,"answer":"<u>Nested top-level classes</u>- If you declare a class within a class and specify the static modifier, the compiler treats the class just like any other top-level class. Any class outside the declaring class accesses the nested class with the declaring class name acting similarly to a package. eg, outer.inner. Top-level inner classes implicitly have access only to static variables.There can also be inner interfaces. All of these are of the nested top-level variety. "},{"points":1,"answer":"<u>Member classes</u> – Member inner classes are just like other member methods and member variables and access to the member class is restricted, just like methods and variables. This means a public member class acts similarly to a nested top-level class. The primary difference between member classes and nested top-level classes is that member classes have access to the specific instance of the enclosing class."},{"points":1,"answer":"<u>Local classes</u> – Local classes are like local variables, specific to a block of code. Their visibility is only within the block of their declaration. In order for the class to be useful beyond the declaration block, it would need to implement a more publicly available interface.Because local classes are not members, the modifiers public, protected, private, and static are not usable. "},{"points":1,"answer":"<u>Anonymous classes</u> – Anonymous inner classes extend local inner classes one level further. As anonymous classes have no name, you cannot provide a constructor."}] }, {"question" : "Are the imports checked for validity at compile time? e.g. will the code containing an import such as java.lang.ABCD compile?" , "type" : "essay" , "points" : "2" , "choices" : [] , "answers" : [{"points":1,"answer":"<u>Yes</u> the imports are checked for the semantic validity at compile time. "},{"points":1,"answer":"The code containing above line of import will not compile. It will throw an <u>error saying, can not resolve symbol</u> symbol : class ABCD location: package lang import java.lang.ABCD"}] }, {"question" : "Does importing a package imports the subpackages as well? e.g. Does importing com.MyTest.* also import com.MyTest.UnitTests.*?" , "type" : "essay" , "points" : "1" , "choices" : [] , "answers" : [{"points":1,"answer":"<u>No</u> you will have to import the subpackages explicitly. Importing com.MyTest.* will import classes in the package MyTest only. It will not import any class in any of it’s subpackage."}] }, {"question" : "What is the difference between declaring a variable and defining a variable?" , "type" : "essay" , "points" : "1" , "choices" : [] , "answers" : [{"points":1,"answer":"<u>In declaration we do not initialize it</u>. We just mention the type of the variable and it’s name. But defining means declaration + initialization."}] }, {"question" : "What is the default value of an object reference declared as an instance variable?" , "type" : "essay" , "points" : "2" , "choices" : [] , "answers" : [{"points":1,"answer":"<u>null</u> "},{"points":1,"answer":"<u>unless we define it explicitly.</u>"}] }, {"question" : "Can a top level class be private or protected?" , "type" : "essay" , "points" : "2" , "choices" : [] , "answers" : [{"points":1,"answer":"<u>No.</u> A top level class can not be private or protected. "},{"points":1,"answer":"<u>It can have either “public” or no modifier.</u> If it does not have a modifier it is supposed to have a default access.If a top level class is declared as private the compiler will complain that the “modifier private is not allowed here”. This means that a top level class can not be private. Same is the case with protected."}] }, {"question" : "Primitive data types are passed by reference or pass by value?" , "type" : "essay" , "points" : "1" , "choices" : [] , "answers" : [{"points":1,"answer":"Primitive data types are <u>passed by value.</u>"}] }, {"question" : "Objects are passed by value or by reference?" , "type" : "essay" , "points" : "2" , "choices" : [] , "answers" : [{"points":1,"answer":"Java only supports <u>pass by value.</u> "},{"points":1,"answer":"With objects, <u>the object reference itself is passed by value</u> and so both the original reference and parameter copy both refer to the same object ."}] }, {"question" : "Does Java provide any construct to find out the size of an object?" , "type" : "essay" , "points" : "2" , "choices" : [] , "answers" : [{"points":1,"answer":"<u>No there is not sizeof operator in Java.</u> So there is not direct way to determine the size of an object directly in Java."}] }, {"question" : "Give a simplest way to find out the time a method takes for execution without using any profiling tool?" , "type" : "essay" , "points" : "3" , "choices" : [] , "answers" : [{"points":1,"answer":"<u>Read the system time just before the method is invoked and immediately after method returns.</u> Take the time difference, which will give you the time taken by a method for execution.\n "},{"points":2,"answer":"<u>To put it in code… \nlong start = System.currentTimeMillis ();\nmethod ();\nlong end = System.currentTimeMillis ();\nSystem.out.println (“Time taken is ” + (end – start));</u>"}] }, {"question" : "How are Observer and Observable used?" , "type" : "essay" , "points" : "4" , "choices" : [] , "answers" : [{"points":2,"answer":"<u>Objects that subclass the Observable class maintain a list of observers.</u> "},{"points":1,"answer":"<u>When an Observable object is updated it invokes the update() method of each of its observers to notify the observers that it has changed state.</u> "},{"points":1,"answer":"<u>The Observer interface is implemented by objects that observe Observable objects.</u>"}] }, {"question" : "How does Java handle integer overflows and underflows?" , "type" : "essay" , "points" : "3" , "choices" : [] , "answers" : [{"points":3,"answer":"<u>It uses those low order bytes of the result that can fit into the size of the type allowed by the operation.</u>"}] }, {"question" : "Does garbage collection guarantee that a program will not run out of memory?" , "type" : "essay" , "points" : "3" , "choices" : [] , "answers" : [{"points":1,"answer":"<u>No, Garbage collection does not guarantee that a program will not run out of memory.</u> "},{"points":1,"answer":"It is possible for programs to <u>use up memory resources faster than they are garbage collected.</u> "},{"points":1,"answer":"It is also possible for programs to <u>create objects that are not subject to garbage collection.</u>"}] }, {"question" : "What are the steps and code in setting up a JDBC connection?" , "type" : "essay" , "points" : "4" , "choices" : [] , "answers" : [{"points":1,"answer":"1 : <u>Register the database driver by using : class.forName(\"driver class for that specific database\" );</u>\n"},{"points":1,"answer":"2 : Now <u>create a database connection</u> using : Connection con = DriverManager.getConnection(url,username,password);\n"},{"points":1,"answer":"3: Now <u>Create a query using : Statement stmt = Connection.Statement(\"select * from TABLE NAME\");</u>\n"},{"points":1,"answer":"4 : <u>Execute the query : stmt.exceuteUpdate();</u>"}] }, {"question" : "What is the Locale class?" , "type" : "essay" , "points" : "1" , "choices" : [] , "answers" : [{"points":1,"answer":"The Locale class is used to <u>tailor program output to the conventions of a particular geographic, political, or cultural region.</u>"}] }]