[{"question" : "Given: public class Sample { public static void main(String[] args) { System.out.println(\"Hello word\"); } } Which command-line invocations will compile?  " , "type" : "mcq" , "points" : "1" , "choices" : ["javac Sample.java","java -c Sample.java","javac Sample.class","java -c Sample.class"] , "answers" : ["javac Sample.java"] }, {"question" : "Which statements are reserved words in Java? " , "type" : "mcq" , "points" : "1" , "choices" : ["run","default","imports","implement"] , "answers" : ["default"] }, {"question" : "Which of the following is right for JAVA?" , "type" : "mcq" , "points" : "1" , "choices" : ["Strongly typed language","Loosely typed language"] , "answers" : ["Strongly typed language"] }, {"question" : "Which of the following is valid statement of JAVA" , "type" : "mcq" , "points" : "1" , "choices" : ["var a = 97;","char a = 97;","int a = 'a';","none of these"] , "answers" : ["char a = 97;"] }, {"question" : "Which of the following are Collections in Java" , "type" : "mcq" , "points" : "2" , "choices" : ["String","int","HashMap","Set"] , "answers" : ["HashMap","Set"] }, {"question" : "Which of the following access modifiers allows  access to subClass " , "type" : "mcq" , "points" : "2" , "choices" : ["public","private","protected","default"] , "answers" : ["public","protected"] }, {"question" : "Which of the following is valid constructor of JAVA?" , "type" : "mcq" , "points" : "2" , "choices" : ["Date(int year, int month, int day)","Date(int day, int month, int year)","Date(long miliseconds)","Date()","Date(String date)"] , "answers" : ["Date(int year, int month, int day)","Date(long miliseconds)","Date()"] }, {"question" : "What is the difference between a constructor and a method?" , "type" : "essay" , "points" : "3" , "choices" : [] , "answers" : [{"points":"1","answer":"A constructor has the same name as the class itself"},{"points":"1","answer":"constructor no return type and invoked using the new operator."},{"points":"1","answer":"A method is an ordinary member function of a class. It has its own name, a return type (which may be void), and is invoked using the dot operator."}] }, {"question" : "How does Java handle integer overflows and underflows?" , "type" : "essay" , "points" : "3" , "choices" : [] , "answers" : [{"points":"3","answer":"It uses those low order bytes of the result that can fit into the size of the type allowed by the operation."}] }]