[{"question" : "SampleEssay" , "type" : "essay" , "points" : "2" , "choices" : [] , "answers" : [{"points":"1","answer":"kdfl"},{"points":"1","answer":"dflgjl"}] }, {"question" : "THIS_IS_QUESTION" , "type" : "essay" , "points" : "5" , "choices" : [] , "answers" : [{"answer":"Hello","points":"2"},{"answer":"How are you","points":"2"},{"answer":"djlkjslj","points":"1"}] }, {"question" : "MCQ_Test_question" , "type" : "mcq" , "points" : "2" , "choices" : ["right","wrong"] , "answers" : ["right"] }]